PULocationID,borough,zone,service_zone,origin_borough,destination_borough,borough_pair,route_id,route_name
3,Bronx,Allerton/Pelham Gardens,Boro Zone,Bronx,Brooklyn,Bronx->Brooklyn,1,corridor_01_bronx_to_brooklyn
18,Bronx,Bedford Park,Boro Zone,Bronx,Brooklyn,Bronx->Brooklyn,1,corridor_01_bronx_to_brooklyn
20,Bronx,Belmont,Boro Zone,Bronx,Brooklyn,Bronx->Brooklyn,1,corridor_01_bronx_to_brooklyn
31,Bronx,Bronx Park,Boro Zone,Bronx,Brooklyn,Bronx->Brooklyn,1,corridor_01_bronx_to_brooklyn
32,Bronx,Bronxdale,Boro Zone,Bronx,Brooklyn,Bronx->Brooklyn,1,corridor_01_bronx_to_brooklyn
46,Bronx,City Island,Boro Zone,Bronx,Brooklyn,Bronx->Brooklyn,1,corridor_01_bronx_to_brooklyn
47,Bronx,Claremont/Bathgate,Boro Zone,Bronx,Brooklyn,Bronx->Brooklyn,1,corridor_01_bronx_to_brooklyn
51,Bronx,Co-Op City,Boro Zone,Bronx,Brooklyn,Bronx->Brooklyn,1,corridor_01_bronx_to_brooklyn
58,Bronx,Country Club,Boro Zone,Bronx,Brooklyn,Bronx->Brooklyn,1,corridor_01_bronx_to_brooklyn
59,Bronx,Crotona Park,Boro Zone,Bronx,Brooklyn,Bronx->Brooklyn,1,corridor_01_bronx_to_brooklyn
60,Bronx,Crotona Park East,Boro Zone,Bronx,Brooklyn,Bronx->Brooklyn,1,corridor_01_bronx_to_brooklyn
69,Bronx,East Concourse/Concourse Village,Boro Zone,Bronx,Manhattan,Bronx->Manhattan,2,corridor_02_bronx_to_manhattan
78,Bronx,East Tremont,Boro Zone,Bronx,Manhattan,Bronx->Manhattan,2,corridor_02_bronx_to_manhattan
81,Bronx,Eastchester,Boro Zone,Bronx,Manhattan,Bronx->Manhattan,2,corridor_02_bronx_to_manhattan
94,Bronx,Fordham South,Boro Zone,Bronx,Manhattan,Bronx->Manhattan,2,corridor_02_bronx_to_manhattan
119,Bronx,Highbridge,Boro Zone,Bronx,Manhattan,Bronx->Manhattan,2,corridor_02_bronx_to_manhattan
126,Bronx,Hunts Point,Boro Zone,Bronx,Manhattan,Bronx->Manhattan,2,corridor_02_bronx_to_manhattan
136,Bronx,Kingsbridge Heights,Boro Zone,Bronx,Manhattan,Bronx->Manhattan,2,corridor_02_bronx_to_manhattan
147,Bronx,Longwood,Boro Zone,Bronx,Manhattan,Bronx->Manhattan,2,corridor_02_bronx_to_manhattan
159,Bronx,Melrose South,Boro Zone,Bronx,Manhattan,Bronx->Manhattan,2,corridor_02_bronx_to_manhattan
167,Bronx,Morrisania/Melrose,Boro Zone,Bronx,Manhattan,Bronx->Manhattan,2,corridor_02_bronx_to_manhattan
168,Bronx,Mott Haven/Port Morris,Boro Zone,Bronx,Manhattan,Bronx->Manhattan,2,corridor_02_bronx_to_manhattan
169,Bronx,Mount Hope,Boro Zone,Bronx,Queens,Bronx->Queens,3,corridor_03_bronx_to_queens
174,Bronx,Norwood,Boro Zone,Bronx,Queens,Bronx->Queens,3,corridor_03_bronx_to_queens
182,Bronx,Parkchester,Boro Zone,Bronx,Queens,Bronx->Queens,3,corridor_03_bronx_to_queens
183,Bronx,Pelham Bay,Boro Zone,Bronx,Queens,Bronx->Queens,3,corridor_03_bronx_to_queens
184,Bronx,Pelham Bay Park,Boro Zone,Bronx,Queens,Bronx->Queens,3,corridor_03_bronx_to_queens
185,Bronx,Pelham Parkway,Boro Zone,Bronx,Queens,Bronx->Queens,3,corridor_03_bronx_to_queens
199,Bronx,Rikers Island,Boro Zone,Bronx,Queens,Bronx->Queens,3,corridor_03_bronx_to_queens
200,Bronx,Riverdale/North Riverdale/Fieldston,Boro Zone,Bronx,Queens,Bronx->Queens,3,corridor_03_bronx_to_queens
208,Bronx,Schuylerville/Edgewater Park,Boro Zone,Bronx,Queens,Bronx->Queens,3,corridor_03_bronx_to_queens
212,Bronx,Soundview/Bruckner,Boro Zone,Bronx,Queens,Bronx->Queens,3,corridor_03_bronx_to_queens
213,Bronx,Soundview/Castle Hill,Boro Zone,Bronx,Queens,Bronx->Queens,3,corridor_03_bronx_to_queens
220,Bronx,Spuyten Duyvil/Kingsbridge,Boro Zone,Bronx,Staten Island,Bronx->Staten Island,4,corridor_04_bronx_to_staten_island
235,Bronx,University Heights/Morris Heights,Boro Zone,Bronx,Staten Island,Bronx->Staten Island,4,corridor_04_bronx_to_staten_island
240,Bronx,Van Cortlandt Park,Boro Zone,Bronx,Staten Island,Bronx->Staten Island,4,corridor_04_bronx_to_staten_island
241,Bronx,Van Cortlandt Village,Boro Zone,Bronx,Staten Island,Bronx->Staten Island,4,corridor_04_bronx_to_staten_island
242,Bronx,Van Nest/Morris Park,Boro Zone,Bronx,Staten Island,Bronx->Staten Island,4,corridor_04_bronx_to_staten_island
247,Bronx,West Concourse,Boro Zone,Bronx,Staten Island,Bronx->Staten Island,4,corridor_04_bronx_to_staten_island
248,Bronx,West Farms/Bronx River,Boro Zone,Bronx,Staten Island,Bronx->Staten Island,4,corridor_04_bronx_to_staten_island
250,Bronx,Westchester Village/Unionport,Boro Zone,Bronx,Staten Island,Bronx->Staten Island,4,corridor_04_bronx_to_staten_island
254,Bronx,Williamsbridge/Olinville,Boro Zone,Bronx,Staten Island,Bronx->Staten Island,4,corridor_04_bronx_to_staten_island
259,Bronx,Woodlawn/Wakefield,Boro Zone,Bronx,Staten Island,Bronx->Staten Island,4,corridor_04_bronx_to_staten_island
11,Brooklyn,Bath Beach,Boro Zone,Brooklyn,Bronx,Brooklyn->Bronx,5,corridor_05_brooklyn_to_bronx
14,Brooklyn,Bay Ridge,Boro Zone,Brooklyn,Bronx,Brooklyn->Bronx,5,corridor_05_brooklyn_to_bronx
17,Brooklyn,Bedford,Boro Zone,Brooklyn,Bronx,Brooklyn->Bronx,5,corridor_05_brooklyn_to_bronx
21,Brooklyn,Bensonhurst East,Boro Zone,Brooklyn,Bronx,Brooklyn->Bronx,5,corridor_05_brooklyn_to_bronx
22,Brooklyn,Bensonhurst West,Boro Zone,Brooklyn,Bronx,Brooklyn->Bronx,5,corridor_05_brooklyn_to_bronx
25,Brooklyn,Boerum Hill,Boro Zone,Brooklyn,Bronx,Brooklyn->Bronx,5,corridor_05_brooklyn_to_bronx
26,Brooklyn,Borough Park,Boro Zone,Brooklyn,Bronx,Brooklyn->Bronx,5,corridor_05_brooklyn_to_bronx
29,Brooklyn,Brighton Beach,Boro Zone,Brooklyn,Bronx,Brooklyn->Bronx,5,corridor_05_brooklyn_to_bronx
33,Brooklyn,Brooklyn Heights,Boro Zone,Brooklyn,Bronx,Brooklyn->Bronx,5,corridor_05_brooklyn_to_bronx
34,Brooklyn,Brooklyn Navy Yard,Boro Zone,Brooklyn,Bronx,Brooklyn->Bronx,5,corridor_05_brooklyn_to_bronx
35,Brooklyn,Brownsville,Boro Zone,Brooklyn,Bronx,Brooklyn->Bronx,5,corridor_05_brooklyn_to_bronx
36,Brooklyn,Bushwick North,Boro Zone,Brooklyn,Bronx,Brooklyn->Bronx,5,corridor_05_brooklyn_to_bronx
37,Brooklyn,Bushwick South,Boro Zone,Brooklyn,Bronx,Brooklyn->Bronx,5,corridor_05_brooklyn_to_bronx
39,Brooklyn,Canarsie,Boro Zone,Brooklyn,Bronx,Brooklyn->Bronx,5,corridor_05_brooklyn_to_bronx
40,Brooklyn,Carroll Gardens,Boro Zone,Brooklyn,Bronx,Brooklyn->Bronx,5,corridor_05_brooklyn_to_bronx
49,Brooklyn,Clinton Hill,Boro Zone,Brooklyn,Bronx,Brooklyn->Bronx,5,corridor_05_brooklyn_to_bronx
52,Brooklyn,Cobble Hill,Boro Zone,Brooklyn,Manhattan,Brooklyn->Manhattan,6,corridor_06_brooklyn_to_manhattan
54,Brooklyn,Columbia Street,Boro Zone,Brooklyn,Manhattan,Brooklyn->Manhattan,6,corridor_06_brooklyn_to_manhattan
55,Brooklyn,Coney Island,Boro Zone,Brooklyn,Manhattan,Brooklyn->Manhattan,6,corridor_06_brooklyn_to_manhattan
61,Brooklyn,Crown Heights North,Boro Zone,Brooklyn,Manhattan,Brooklyn->Manhattan,6,corridor_06_brooklyn_to_manhattan
62,Brooklyn,Crown Heights South,Boro Zone,Brooklyn,Manhattan,Brooklyn->Manhattan,6,corridor_06_brooklyn_to_manhattan
63,Brooklyn,Cypress Hills,Boro Zone,Brooklyn,Manhattan,Brooklyn->Manhattan,6,corridor_06_brooklyn_to_manhattan
65,Brooklyn,Downtown Brooklyn/MetroTech,Boro Zone,Brooklyn,Manhattan,Brooklyn->Manhattan,6,corridor_06_brooklyn_to_manhattan
66,Brooklyn,DUMBO/Vinegar Hill,Boro Zone,Brooklyn,Manhattan,Brooklyn->Manhattan,6,corridor_06_brooklyn_to_manhattan
67,Brooklyn,Dyker Heights,Boro Zone,Brooklyn,Manhattan,Brooklyn->Manhattan,6,corridor_06_brooklyn_to_manhattan
71,Brooklyn,East Flatbush/Farragut,Boro Zone,Brooklyn,Manhattan,Brooklyn->Manhattan,6,corridor_06_brooklyn_to_manhattan
72,Brooklyn,East Flatbush/Remsen Village,Boro Zone,Brooklyn,Manhattan,Brooklyn->Manhattan,6,corridor_06_brooklyn_to_manhattan
76,Brooklyn,East New York,Boro Zone,Brooklyn,Manhattan,Brooklyn->Manhattan,6,corridor_06_brooklyn_to_manhattan
77,Brooklyn,East New York/Pennsylvania Avenue,Boro Zone,Brooklyn,Manhattan,Brooklyn->Manhattan,6,corridor_06_brooklyn_to_manhattan
80,Brooklyn,East Williamsburg,Boro Zone,Brooklyn,Manhattan,Brooklyn->Manhattan,6,corridor_06_brooklyn_to_manhattan
85,Brooklyn,Erasmus,Boro Zone,Brooklyn,Manhattan,Brooklyn->Manhattan,6,corridor_06_brooklyn_to_manhattan
89,Brooklyn,Flatbush/Ditmas Park,Boro Zone,Brooklyn,Queens,Brooklyn->Queens,7,corridor_07_brooklyn_to_queens
91,Brooklyn,Flatlands,Boro Zone,Brooklyn,Queens,Brooklyn->Queens,7,corridor_07_brooklyn_to_queens
97,Brooklyn,Fort Greene,Boro Zone,Brooklyn,Queens,Brooklyn->Queens,7,corridor_07_brooklyn_to_queens
106,Brooklyn,Gowanus,Boro Zone,Brooklyn,Queens,Brooklyn->Queens,7,corridor_07_brooklyn_to_queens
108,Brooklyn,Gravesend,Boro Zone,Brooklyn,Queens,Brooklyn->Queens,7,corridor_07_brooklyn_to_queens
111,Brooklyn,Green-Wood Cemetery,Boro Zone,Brooklyn,Queens,Brooklyn->Queens,7,corridor_07_brooklyn_to_queens
112,Brooklyn,Greenpoint,Boro Zone,Brooklyn,Queens,Brooklyn->Queens,7,corridor_07_brooklyn_to_queens
123,Brooklyn,Homecrest,Boro Zone,Brooklyn,Queens,Brooklyn->Queens,7,corridor_07_brooklyn_to_queens
133,Brooklyn,Kensington,Boro Zone,Brooklyn,Queens,Brooklyn->Queens,7,corridor_07_brooklyn_to_queens
149,Brooklyn,Madison,Boro Zone,Brooklyn,Queens,Brooklyn->Queens,7,corridor_07_brooklyn_to_queens
150,Brooklyn,Manhattan Beach,Boro Zone,Brooklyn,Queens,Brooklyn->Queens,7,corridor_07_brooklyn_to_queens
154,Brooklyn,Marine Park/Floyd Bennett Field,Boro Zone,Brooklyn,Queens,Brooklyn->Queens,7,corridor_07_brooklyn_to_queens
155,Brooklyn,Marine Park/Mill Basin,Boro Zone,Brooklyn,Queens,Brooklyn->Queens,7,corridor_07_brooklyn_to_queens
165,Brooklyn,Midwood,Boro Zone,Brooklyn,Queens,Brooklyn->Queens,7,corridor_07_brooklyn_to_queens
177,Brooklyn,Ocean Hill,Boro Zone,Brooklyn,Queens,Brooklyn->Queens,7,corridor_07_brooklyn_to_queens
178,Brooklyn,Ocean Parkway South,Boro Zone,Brooklyn,Staten Island,Brooklyn->Staten Island,8,corridor_08_brooklyn_to_staten_island
181,Brooklyn,Park Slope,Boro Zone,Brooklyn,Staten Island,Brooklyn->Staten Island,8,corridor_08_brooklyn_to_staten_island
188,Brooklyn,Prospect-Lefferts Gardens,Boro Zone,Brooklyn,Staten Island,Brooklyn->Staten Island,8,corridor_08_brooklyn_to_staten_island
189,Brooklyn,Prospect Heights,Boro Zone,Brooklyn,Staten Island,Brooklyn->Staten Island,8,corridor_08_brooklyn_to_staten_island
190,Brooklyn,Prospect Park,Boro Zone,Brooklyn,Staten Island,Brooklyn->Staten Island,8,corridor_08_brooklyn_to_staten_island
195,Brooklyn,Red Hook,Boro Zone,Brooklyn,Staten Island,Brooklyn->Staten Island,8,corridor_08_brooklyn_to_staten_island
210,Brooklyn,Sheepshead Bay,Boro Zone,Brooklyn,Staten Island,Brooklyn->Staten Island,8,corridor_08_brooklyn_to_staten_island
217,Brooklyn,South Williamsburg,Boro Zone,Brooklyn,Staten Island,Brooklyn->Staten Island,8,corridor_08_brooklyn_to_staten_island
222,Brooklyn,Starrett City,Boro Zone,Brooklyn,Staten Island,Brooklyn->Staten Island,8,corridor_08_brooklyn_to_staten_island
225,Brooklyn,Stuyvesant Heights,Boro Zone,Brooklyn,Staten Island,Brooklyn->Staten Island,8,corridor_08_brooklyn_to_staten_island
227,Brooklyn,Sunset Park East,Boro Zone,Brooklyn,Staten Island,Brooklyn->Staten Island,8,corridor_08_brooklyn_to_staten_island
228,Brooklyn,Sunset Park West,Boro Zone,Brooklyn,Staten Island,Brooklyn->Staten Island,8,corridor_08_brooklyn_to_staten_island
255,Brooklyn,Williamsburg (North Side),Boro Zone,Brooklyn,Staten Island,Brooklyn->Staten Island,8,corridor_08_brooklyn_to_staten_island
256,Brooklyn,Williamsburg (South Side),Boro Zone,Brooklyn,Staten Island,Brooklyn->Staten Island,8,corridor_08_brooklyn_to_staten_island
257,Brooklyn,Windsor Terrace,Boro Zone,Brooklyn,Staten Island,Brooklyn->Staten Island,8,corridor_08_brooklyn_to_staten_island
4,Manhattan,Alphabet City,Yellow Zone,Manhattan,Bronx,Manhattan->Bronx,9,corridor_09_manhattan_to_bronx
12,Manhattan,Battery Park,Yellow Zone,Manhattan,Bronx,Manhattan->Bronx,9,corridor_09_manhattan_to_bronx
13,Manhattan,Battery Park City,Yellow Zone,Manhattan,Bronx,Manhattan->Bronx,9,corridor_09_manhattan_to_bronx
24,Manhattan,Bloomingdale,Yellow Zone,Manhattan,Bronx,Manhattan->Bronx,9,corridor_09_manhattan_to_bronx
41,Manhattan,Central Harlem,Boro Zone,Manhattan,Bronx,Manhattan->Bronx,9,corridor_09_manhattan_to_bronx
42,Manhattan,Central Harlem North,Boro Zone,Manhattan,Bronx,Manhattan->Bronx,9,corridor_09_manhattan_to_bronx
43,Manhattan,Central Park,Yellow Zone,Manhattan,Bronx,Manhattan->Bronx,9,corridor_09_manhattan_to_bronx
45,Manhattan,Chinatown,Yellow Zone,Manhattan,Bronx,Manhattan->Bronx,9,corridor_09_manhattan_to_bronx
48,Manhattan,Clinton East,Yellow Zone,Manhattan,Bronx,Manhattan->Bronx,9,corridor_09_manhattan_to_bronx
50,Manhattan,Clinton West,Yellow Zone,Manhattan,Bronx,Manhattan->Bronx,9,corridor_09_manhattan_to_bronx
68,Manhattan,East Chelsea,Yellow Zone,Manhattan,Bronx,Manhattan->Bronx,9,corridor_09_manhattan_to_bronx
74,Manhattan,East Harlem North,Boro Zone,Manhattan,Bronx,Manhattan->Bronx,9,corridor_09_manhattan_to_bronx
75,Manhattan,East Harlem South,Boro Zone,Manhattan,Bronx,Manhattan->Bronx,9,corridor_09_manhattan_to_bronx
79,Manhattan,East Village,Yellow Zone,Manhattan,Bronx,Manhattan->Bronx,9,corridor_09_manhattan_to_bronx
87,Manhattan,Financial District North,Yellow Zone,Manhattan,Bronx,Manhattan->Bronx,9,corridor_09_manhattan_to_bronx
88,Manhattan,Financial District South,Yellow Zone,Manhattan,Bronx,Manhattan->Bronx,9,corridor_09_manhattan_to_bronx
90,Manhattan,Flatiron,Yellow Zone,Manhattan,Bronx,Manhattan->Bronx,9,corridor_09_manhattan_to_bronx
100,Manhattan,Garment District,Yellow Zone,Manhattan,Bronx,Manhattan->Bronx,9,corridor_09_manhattan_to_bronx
103,Manhattan,Governor's Island/Ellis Island/Liberty Island,Yellow Zone,Manhattan,Brooklyn,Manhattan->Brooklyn,10,corridor_10_manhattan_to_brooklyn
104,Manhattan,Governor's Island/Ellis Island/Liberty Island,Yellow Zone,Manhattan,Brooklyn,Manhattan->Brooklyn,10,corridor_10_manhattan_to_brooklyn
105,Manhattan,Governor's Island/Ellis Island/Liberty Island,Yellow Zone,Manhattan,Brooklyn,Manhattan->Brooklyn,10,corridor_10_manhattan_to_brooklyn
107,Manhattan,Gramercy,Yellow Zone,Manhattan,Brooklyn,Manhattan->Brooklyn,10,corridor_10_manhattan_to_brooklyn
113,Manhattan,Greenwich Village North,Yellow Zone,Manhattan,Brooklyn,Manhattan->Brooklyn,10,corridor_10_manhattan_to_brooklyn
114,Manhattan,Greenwich Village South,Yellow Zone,Manhattan,Brooklyn,Manhattan->Brooklyn,10,corridor_10_manhattan_to_brooklyn
116,Manhattan,Hamilton Heights,Boro Zone,Manhattan,Brooklyn,Manhattan->Brooklyn,10,corridor_10_manhattan_to_brooklyn
120,Manhattan,Highbridge Park,Boro Zone,Manhattan,Brooklyn,Manhattan->Brooklyn,10,corridor_10_manhattan_to_brooklyn
125,Manhattan,Hudson Sq,Yellow Zone,Manhattan,Brooklyn,Manhattan->Brooklyn,10,corridor_10_manhattan_to_brooklyn
127,Manhattan,Inwood,Boro Zone,Manhattan,Brooklyn,Manhattan->Brooklyn,10,corridor_10_manhattan_to_brooklyn
128,Manhattan,Inwood Hill Park,Boro Zone,Manhattan,Brooklyn,Manhattan->Brooklyn,10,corridor_10_manhattan_to_brooklyn
137,Manhattan,Kips Bay,Yellow Zone,Manhattan,Brooklyn,Manhattan->Brooklyn,10,corridor_10_manhattan_to_brooklyn
140,Manhattan,Lenox Hill East,Yellow Zone,Manhattan,Brooklyn,Manhattan->Brooklyn,10,corridor_10_manhattan_to_brooklyn
141,Manhattan,Lenox Hill West,Yellow Zone,Manhattan,Brooklyn,Manhattan->Brooklyn,10,corridor_10_manhattan_to_brooklyn
142,Manhattan,Lincoln Square East,Yellow Zone,Manhattan,Brooklyn,Manhattan->Brooklyn,10,corridor_10_manhattan_to_brooklyn
143,Manhattan,Lincoln Square West,Yellow Zone,Manhattan,Brooklyn,Manhattan->Brooklyn,10,corridor_10_manhattan_to_brooklyn
144,Manhattan,Little Italy/NoLiTa,Yellow Zone,Manhattan,Brooklyn,Manhattan->Brooklyn,10,corridor_10_manhattan_to_brooklyn
148,Manhattan,Lower East Side,Yellow Zone,Manhattan,Queens,Manhattan->Queens,11,corridor_11_manhattan_to_queens
151,Manhattan,Manhattan Valley,Yellow Zone,Manhattan,Queens,Manhattan->Queens,11,corridor_11_manhattan_to_queens
152,Manhattan,Manhattanville,Boro Zone,Manhattan,Queens,Manhattan->Queens,11,corridor_11_manhattan_to_queens
153,Manhattan,Marble Hill,Boro Zone,Manhattan,Queens,Manhattan->Queens,11,corridor_11_manhattan_to_queens
158,Manhattan,Meatpacking/West Village West,Yellow Zone,Manhattan,Queens,Manhattan->Queens,11,corridor_11_manhattan_to_queens
161,Manhattan,Midtown Center,Yellow Zone,Manhattan,Queens,Manhattan->Queens,11,corridor_11_manhattan_to_queens
162,Manhattan,Midtown East,Yellow Zone,Manhattan,Queens,Manhattan->Queens,11,corridor_11_manhattan_to_queens
163,Manhattan,Midtown North,Yellow Zone,Manhattan,Queens,Manhattan->Queens,11,corridor_11_manhattan_to_queens
164,Manhattan,Midtown South,Yellow Zone,Manhattan,Queens,Manhattan->Queens,11,corridor_11_manhattan_to_queens
166,Manhattan,Morningside Heights,Boro Zone,Manhattan,Queens,Manhattan->Queens,11,corridor_11_manhattan_to_queens
170,Manhattan,Murray Hill,Yellow Zone,Manhattan,Queens,Manhattan->Queens,11,corridor_11_manhattan_to_queens
186,Manhattan,Penn Station/Madison Sq West,Yellow Zone,Manhattan,Queens,Manhattan->Queens,11,corridor_11_manhattan_to_queens
194,Manhattan,Randalls Island,Yellow Zone,Manhattan,Queens,Manhattan->Queens,11,corridor_11_manhattan_to_queens
202,Manhattan,Roosevelt Island,Boro Zone,Manhattan,Queens,Manhattan->Queens,11,corridor_11_manhattan_to_queens
209,Manhattan,Seaport,Yellow Zone,Manhattan,Queens,Manhattan->Queens,11,corridor_11_manhattan_to_queens
211,Manhattan,SoHo,Yellow Zone,Manhattan,Queens,Manhattan->Queens,11,corridor_11_manhattan_to_queens
224,Manhattan,Stuy Town/Peter Cooper Village,Yellow Zone,Manhattan,Queens,Manhattan->Queens,11,corridor_11_manhattan_to_queens
229,Manhattan,Sutton Place/Turtle Bay North,Yellow Zone,Manhattan,Staten Island,Manhattan->Staten Island,12,corridor_12_manhattan_to_staten_island
230,Manhattan,Times Sq/Theatre District,Yellow Zone,Manhattan,Staten Island,Manhattan->Staten Island,12,corridor_12_manhattan_to_staten_island
231,Manhattan,TriBeCa/Civic Center,Yellow Zone,Manhattan,Staten Island,Manhattan->Staten Island,12,corridor_12_manhattan_to_staten_island
232,Manhattan,Two Bridges/Seward Park,Yellow Zone,Manhattan,Staten Island,Manhattan->Staten Island,12,corridor_12_manhattan_to_staten_island
233,Manhattan,UN/Turtle Bay South,Yellow Zone,Manhattan,Staten Island,Manhattan->Staten Island,12,corridor_12_manhattan_to_staten_island
234,Manhattan,Union Sq,Yellow Zone,Manhattan,Staten Island,Manhattan->Staten Island,12,corridor_12_manhattan_to_staten_island
236,Manhattan,Upper East Side North,Yellow Zone,Manhattan,Staten Island,Manhattan->Staten Island,12,corridor_12_manhattan_to_staten_island
237,Manhattan,Upper East Side South,Yellow Zone,Manhattan,Staten Island,Manhattan->Staten Island,12,corridor_12_manhattan_to_staten_island
238,Manhattan,Upper West Side North,Yellow Zone,Manhattan,Staten Island,Manhattan->Staten Island,12,corridor_12_manhattan_to_staten_island
239,Manhattan,Upper West Side South,Yellow Zone,Manhattan,Staten Island,Manhattan->Staten Island,12,corridor_12_manhattan_to_staten_island
243,Manhattan,Washington Heights North,Boro Zone,Manhattan,Staten Island,Manhattan->Staten Island,12,corridor_12_manhattan_to_staten_island
244,Manhattan,Washington Heights South,Boro Zone,Manhattan,Staten Island,Manhattan->Staten Island,12,corridor_12_manhattan_to_staten_island
246,Manhattan,West Chelsea/Hudson Yards,Yellow Zone,Manhattan,Staten Island,Manhattan->Staten Island,12,corridor_12_manhattan_to_staten_island
249,Manhattan,West Village,Yellow Zone,Manhattan,Staten Island,Manhattan->Staten Island,12,corridor_12_manhattan_to_staten_island
261,Manhattan,World Trade Center,Yellow Zone,Manhattan,Staten Island,Manhattan->Staten Island,12,corridor_12_manhattan_to_staten_island
262,Manhattan,Yorkville East,Yellow Zone,Manhattan,Staten Island,Manhattan->Staten Island,12,corridor_12_manhattan_to_staten_island
263,Manhattan,Yorkville West,Yellow Zone,Manhattan,Staten Island,Manhattan->Staten Island,12,corridor_12_manhattan_to_staten_island
1,EWR,Newark Airport,EWR,Queens,Bronx,Queens->Bronx,13,corridor_13_queens_to_bronx
2,Queens,Jamaica Bay,Boro Zone,Queens,Bronx,Queens->Bronx,13,corridor_13_queens_to_bronx
7,Queens,Astoria,Boro Zone,Queens,Bronx,Queens->Bronx,13,corridor_13_queens_to_bronx
8,Queens,Astoria Park,Boro Zone,Queens,Bronx,Queens->Bronx,13,corridor_13_queens_to_bronx
9,Queens,Auburndale,Boro Zone,Queens,Bronx,Queens->Bronx,13,corridor_13_queens_to_bronx
10,Queens,Baisley Park,Boro Zone,Queens,Bronx,Queens->Bronx,13,corridor_13_queens_to_bronx
15,Queens,Bay Terrace/Fort Totten,Boro Zone,Queens,Bronx,Queens->Bronx,13,corridor_13_queens_to_bronx
16,Queens,Bayside,Boro Zone,Queens,Bronx,Queens->Bronx,13,corridor_13_queens_to_bronx
19,Queens,Bellerose,Boro Zone,Queens,Bronx,Queens->Bronx,13,corridor_13_queens_to_bronx
27,Queens,Breezy Point/Fort Tilden/Riis Beach,Boro Zone,Queens,Bronx,Queens->Bronx,13,corridor_13_queens_to_bronx
28,Queens,Briarwood/Jamaica Hills,Boro Zone,Queens,Bronx,Queens->Bronx,13,corridor_13_queens_to_bronx
30,Queens,Broad Channel,Boro Zone,Queens,Bronx,Queens->Bronx,13,corridor_13_queens_to_bronx
38,Queens,Cambria Heights,Boro Zone,Queens,Bronx,Queens->Bronx,13,corridor_13_queens_to_bronx
53,Queens,College Point,Boro Zone,Queens,Bronx,Queens->Bronx,13,corridor_13_queens_to_bronx
56,Queens,Corona,Boro Zone,Queens,Bronx,Queens->Bronx,13,corridor_13_queens_to_bronx
57,Queens,Corona,Boro Zone,Queens,Bronx,Queens->Bronx,13,corridor_13_queens_to_bronx
64,Queens,Douglaston,Boro Zone,Queens,Bronx,Queens->Bronx,13,corridor_13_queens_to_bronx
70,Queens,East Elmhurst,Boro Zone,Queens,Bronx,Queens->Bronx,13,corridor_13_queens_to_bronx
73,Queens,East Flushing,Boro Zone,Queens,Brooklyn,Queens->Brooklyn,14,corridor_14_queens_to_brooklyn
82,Queens,Elmhurst,Boro Zone,Queens,Brooklyn,Queens->Brooklyn,14,corridor_14_queens_to_brooklyn
83,Queens,Elmhurst/Maspeth,Boro Zone,Queens,Brooklyn,Queens->Brooklyn,14,corridor_14_queens_to_brooklyn
86,Queens,Far Rockaway,Boro Zone,Queens,Brooklyn,Queens->Brooklyn,14,corridor_14_queens_to_brooklyn
92,Queens,Flushing,Boro Zone,Queens,Brooklyn,Queens->Brooklyn,14,corridor_14_queens_to_brooklyn
93,Queens,Flushing Meadows-Corona Park,Boro Zone,Queens,Brooklyn,Queens->Brooklyn,14,corridor_14_queens_to_brooklyn
95,Queens,Forest Hills,Boro Zone,Queens,Brooklyn,Queens->Brooklyn,14,corridor_14_queens_to_brooklyn
96,Queens,Forest Park/Highland Park,Boro Zone,Queens,Brooklyn,Queens->Brooklyn,14,corridor_14_queens_to_brooklyn
98,Queens,Fresh Meadows,Boro Zone,Queens,Brooklyn,Queens->Brooklyn,14,corridor_14_queens_to_brooklyn
101,Queens,Glen Oaks,Boro Zone,Queens,Brooklyn,Queens->Brooklyn,14,corridor_14_queens_to_brooklyn
102,Queens,Glendale,Boro Zone,Queens,Brooklyn,Queens->Brooklyn,14,corridor_14_queens_to_brooklyn
117,Queens,Hammels/Arverne,Boro Zone,Queens,Brooklyn,Queens->Brooklyn,14,corridor_14_queens_to_brooklyn
121,Queens,Hillcrest/Pomonok,Boro Zone,Queens,Brooklyn,Queens->Brooklyn,14,corridor_14_queens_to_brooklyn
122,Queens,Hollis,Boro Zone,Queens,Brooklyn,Queens->Brooklyn,14,corridor_14_queens_to_brooklyn
124,Queens,Howard Beach,Boro Zone,Queens,Brooklyn,Queens->Brooklyn,14,corridor_14_queens_to_brooklyn
129,Queens,Jackson Heights,Boro Zone,Queens,Brooklyn,Queens->Brooklyn,14,corridor_14_queens_to_brooklyn
130,Queens,Jamaica,Boro Zone,Queens,Brooklyn,Queens->Brooklyn,14,corridor_14_queens_to_brooklyn
131,Queens,Jamaica Estates,Boro Zone,Queens,Manhattan,Queens->Manhattan,15,corridor_15_queens_to_manhattan
132,Queens,JFK Airport,Airports,Queens,Manhattan,Queens->Manhattan,15,corridor_15_queens_to_manhattan
134,Queens,Kew Gardens,Boro Zone,Queens,Manhattan,Queens->Manhattan,15,corridor_15_queens_to_manhattan
135,Queens,Kew Gardens Hills,Boro Zone,Queens,Manhattan,Queens->Manhattan,15,corridor_15_queens_to_manhattan
138,Queens,LaGuardia Airport,Airports,Queens,Manhattan,Queens->Manhattan,15,corridor_15_queens_to_manhattan
139,Queens,Laurelton,Boro Zone,Queens,Manhattan,Queens->Manhattan,15,corridor_15_queens_to_manhattan
145,Queens,Long Island City/Hunters Point,Boro Zone,Queens,Manhattan,Queens->Manhattan,15,corridor_15_queens_to_manhattan
146,Queens,Long Island City/Queens Plaza,Boro Zone,Queens,Manhattan,Queens->Manhattan,15,corridor_15_queens_to_manhattan
157,Queens,Maspeth,Boro Zone,Queens,Manhattan,Queens->Manhattan,15,corridor_15_queens_to_manhattan
160,Queens,Middle Village,Boro Zone,Queens,Manhattan,Queens->Manhattan,15,corridor_15_queens_to_manhattan
171,Queens,Murray Hill-Queens,Boro Zone,Queens,Manhattan,Queens->Manhattan,15,corridor_15_queens_to_manhattan
173,Queens,North Corona,Boro Zone,Queens,Manhattan,Queens->Manhattan,15,corridor_15_queens_to_manhattan
175,Queens,Oakland Gardens,Boro Zone,Queens,Manhattan,Queens->Manhattan,15,corridor_15_queens_to_manhattan
179,Queens,Old Astoria,Boro Zone,Queens,Manhattan,Queens->Manhattan,15,corridor_15_queens_to_manhattan
180,Queens,Ozone Park,Boro Zone,Queens,Manhattan,Queens->Manhattan,15,corridor_15_queens_to_manhattan
191,Queens,Queens Village,Boro Zone,Queens,Manhattan,Queens->Manhattan,15,corridor_15_queens_to_manhattan
192,Queens,Queensboro Hill,Boro Zone,Queens,Manhattan,Queens->Manhattan,15,corridor_15_queens_to_manhattan
193,Queens,Queensbridge/Ravenswood,Boro Zone,Queens,Manhattan,Queens->Manhattan,15,corridor_15_queens_to_manhattan
196,Queens,Rego Park,Boro Zone,Queens,Staten Island,Queens->Staten Island,16,corridor_16_queens_to_staten_island
197,Queens,Richmond Hill,Boro Zone,Queens,Staten Island,Queens->Staten Island,16,corridor_16_queens_to_staten_island
198,Queens,Ridgewood,Boro Zone,Queens,Staten Island,Queens->Staten Island,16,corridor_16_queens_to_staten_island
201,Queens,Rockaway Park,Boro Zone,Queens,Staten Island,Queens->Staten Island,16,corridor_16_queens_to_staten_island
203,Queens,Rosedale,Boro Zone,Queens,Staten Island,Queens->Staten Island,16,corridor_16_queens_to_staten_island
205,Queens,Saint Albans,Boro Zone,Queens,Staten Island,Queens->Staten Island,16,corridor_16_queens_to_staten_island
207,Queens,Saint Michaels Cemetery/Woodside,Boro Zone,Queens,Staten Island,Queens->Staten Island,16,corridor_16_queens_to_staten_island
215,Queens,South Jamaica,Boro Zone,Queens,Staten Island,Queens->Staten Island,16,corridor_16_queens_to_staten_island
216,Queens,South Ozone Park,Boro Zone,Queens,Staten Island,Queens->Staten Island,16,corridor_16_queens_to_staten_island
218,Queens,Springfield Gardens North,Boro Zone,Queens,Staten Island,Queens->Staten Island,16,corridor_16_queens_to_staten_island
219,Queens,Springfield Gardens South,Boro Zone,Queens,Staten Island,Queens->Staten Island,16,corridor_16_queens_to_staten_island
223,Queens,Steinway,Boro Zone,Queens,Staten Island,Queens->Staten Island,16,corridor_16_queens_to_staten_island
226,Queens,Sunnyside,Boro Zone,Queens,Staten Island,Queens->Staten Island,16,corridor_16_queens_to_staten_island
252,Queens,Whitestone,Boro Zone,Queens,Staten Island,Queens->Staten Island,16,corridor_16_queens_to_staten_island
253,Queens,Willets Point,Boro Zone,Queens,Staten Island,Queens->Staten Island,16,corridor_16_queens_to_staten_island
258,Queens,Woodhaven,Boro Zone,Queens,Staten Island,Queens->Staten Island,16,corridor_16_queens_to_staten_island
260,Queens,Woodside,Boro Zone,Queens,Staten Island,Queens->Staten Island,16,corridor_16_queens_to_staten_island
5,Staten Island,Arden Heights,Boro Zone,Staten Island,Bronx,Staten Island->Bronx,17,corridor_17_staten_island_to_bronx
6,Staten Island,Arrochar/Fort Wadsworth,Boro Zone,Staten Island,Bronx,Staten Island->Bronx,17,corridor_17_staten_island_to_bronx
23,Staten Island,Bloomfield/Emerson Hill,Boro Zone,Staten Island,Bronx,Staten Island->Bronx,17,corridor_17_staten_island_to_bronx
44,Staten Island,Charleston/Tottenville,Boro Zone,Staten Island,Bronx,Staten Island->Bronx,17,corridor_17_staten_island_to_bronx
84,Staten Island,Eltingville/Annadale/Prince's Bay,Boro Zone,Staten Island,Bronx,Staten Island->Bronx,17,corridor_17_staten_island_to_bronx
99,Staten Island,Freshkills Park,Boro Zone,Staten Island,Brooklyn,Staten Island->Brooklyn,18,corridor_18_staten_island_to_brooklyn
109,Staten Island,Great Kills,Boro Zone,Staten Island,Brooklyn,Staten Island->Brooklyn,18,corridor_18_staten_island_to_brooklyn
110,Staten Island,Great Kills Park,Boro Zone,Staten Island,Brooklyn,Staten Island->Brooklyn,18,corridor_18_staten_island_to_brooklyn
115,Staten Island,Grymes Hill/Clifton,Boro Zone,Staten Island,Brooklyn,Staten Island->Brooklyn,18,corridor_18_staten_island_to_brooklyn
118,Staten Island,Heartland Village/Todt Hill,Boro Zone,Staten Island,Brooklyn,Staten Island->Brooklyn,18,corridor_18_staten_island_to_brooklyn
156,Staten Island,Mariners Harbor,Boro Zone,Staten Island,Manhattan,Staten Island->Manhattan,19,corridor_19_staten_island_to_manhattan
172,Staten Island,New Dorp/Midland Beach,Boro Zone,Staten Island,Manhattan,Staten Island->Manhattan,19,corridor_19_staten_island_to_manhattan
176,Staten Island,Oakwood,Boro Zone,Staten Island,Manhattan,Staten Island->Manhattan,19,corridor_19_staten_island_to_manhattan
187,Staten Island,Port Richmond,Boro Zone,Staten Island,Manhattan,Staten Island->Manhattan,19,corridor_19_staten_island_to_manhattan
204,Staten Island,Rossville/Woodrow,Boro Zone,Staten Island,Manhattan,Staten Island->Manhattan,19,corridor_19_staten_island_to_manhattan
206,Staten Island,Saint George/New Brighton,Boro Zone,Staten Island,Queens,Staten Island->Queens,20,corridor_20_staten_island_to_queens
214,Staten Island,South Beach/Dongan Hills,Boro Zone,Staten Island,Queens,Staten Island->Queens,20,corridor_20_staten_island_to_queens
221,Staten Island,Stapleton,Boro Zone,Staten Island,Queens,Staten Island->Queens,20,corridor_20_staten_island_to_queens
245,Staten Island,West Brighton,Boro Zone,Staten Island,Queens,Staten Island->Queens,20,corridor_20_staten_island_to_queens
251,Staten Island,Westerleigh,Boro Zone,Staten Island,Queens,Staten Island->Queens,20,corridor_20_staten_island_to_queens
